TMED5	chr1:g.93154859A>G	-	WB	4.32	QQHQVQTEQKWAHTN	0.0219557
TMED5	chr1:g.93154859A>G	-	WB	3.63	QHQVQTEQKWAHTNS	0.0219557
HIST2H2AC	chr1:g.149887329A>G	+	WB	4.21	IQAVLLPEKTESHKA	0.11003199999999999
HIST2H2AC	chr1:g.149887329A>G	+	WB	2.95	QAVLLPEKTESHKAK	0.11003199999999999
