SPEN	chr1:g.15934354A>G	+	WB	4.61	LTGPVSVLTTPVNAT	0.0415625
GSTM5	chr1:g.109713682A>G	+	WB	4.23	GETEEERIRVDILEN	0.08069939999999999
ARHGAP30	chr1:g.161048357A>G	-	SB	0.63	KEGNPHSSEMEEVAP	0.0160428
ARHGAP30	chr1:g.161048357A>G	-	SB	0.36	EGNPHSSEMEEVAPQ	0.0160428
ARHGAP30	chr1:g.161048357A>G	-	SB	0.62	GNPHSSEMEEVAPQP	0.0160428
ARHGAP30	chr1:g.161048357A>G	-	WB	2.54	NPHSSEMEEVAPQPP	0.0160428
ARHGAP30	chr1:g.161048357A>G	-	WB	2.04	AKEGNPHSSEMEEVA	0.0160428
AHCTF1	chr1:g.246842707A>G	-	WB	4.63	KPKAKRIRTSKTEQA	0.022293
AHCTF1	chr1:g.246842707A>G	-	WB	2.15	PKAKRIRTSKTEQAS	0.022293
